[{"model": "auth.permission", "pk": 1, "fields": {"name": "Can add log entry", "content_type": 1, "codename": "add_logentry"}}, {"model": "auth.permission", "pk": 2, "fields": {"name": "Can change log entry", "content_type": 1, "codename": "change_logentry"}}, {"model": "auth.permission", "pk": 3, "fields": {"name": "Can delete log entry", "content_type": 1, "codename": "delete_logentry"}}, {"model": "auth.permission", "pk": 4, "fields": {"name": "Can view log entry", "content_type": 1, "codename": "view_logentry"}}, {"model": "auth.permission", "pk": 5, "fields": {"name": "Can add permission", "content_type": 2, "codename": "add_permission"}}, {"model": "auth.permission", "pk": 6, "fields": {"name": "Can change permission", "content_type": 2, "codename": "change_permission"}}, {"model": "auth.permission", "pk": 7, "fields": {"name": "Can delete permission", "content_type": 2, "codename": "delete_permission"}}, {"model": "auth.permission", "pk": 8, "fields": {"name": "Can view permission", "content_type": 2, "codename": "view_permission"}}, {"model": "auth.permission", "pk": 9, "fields": {"name": "Can add group", "content_type": 3, "codename": "add_group"}}, {"model": "auth.permission", "pk": 10, "fields": {"name": "Can change group", "content_type": 3, "codename": "change_group"}}, {"model": "auth.permission", "pk": 11, "fields": {"name": "Can delete group", "content_type": 3, "codename": "delete_group"}}, {"model": "auth.permission", "pk": 12, "fields": {"name": "Can view group", "content_type": 3, "codename": "view_group"}}, {"model": "auth.permission", "pk": 13, "fields": {"name": "Can add user", "content_type": 4, "codename": "add_user"}}, {"model": "auth.permission", "pk": 14, "fields": {"name": "Can change user", "content_type": 4, "codename": "change_user"}}, {"model": "auth.permission", "pk": 15, "fields": {"name": "Can delete user", "content_type": 4, "codename": "delete_user"}}, {"model": "auth.permission", "pk": 16, "fields": {"name": "Can view user", "content_type": 4, "codename": "view_user"}}, {"model": "auth.permission", "pk": 17, "fields": {"name": "Can add content type", "content_type": 5, "codename": "add_contenttype"}}, {"model": "auth.permission", "pk": 18, "fields": {"name": "Can change content type", "content_type": 5, "codename": "change_contenttype"}}, {"model": "auth.permission", "pk": 19, "fields": {"name": "Can delete content type", "content_type": 5, "codename": "delete_contenttype"}}, {"model": "auth.permission", "pk": 20, "fields": {"name": "Can view content type", "content_type": 5, "codename": "view_contenttype"}}, {"model": "auth.permission", "pk": 21, "fields": {"name": "Can add session", "content_type": 6, "codename": "add_session"}}, {"model": "auth.permission", "pk": 22, "fields": {"name": "Can change session", "content_type": 6, "codename": "change_session"}}, {"model": "auth.permission", "pk": 23, "fields": {"name": "Can delete session", "content_type": 6, "codename": "delete_session"}}, {"model": "auth.permission", "pk": 24, "fields": {"name": "Can view session", "content_type": 6, "codename": "view_session"}}, {"model": "auth.permission", "pk": 25, "fields": {"name": "Can add adventure location", "content_type": 7, "codename": "add_adventurelocation"}}, {"model": "auth.permission", "pk": 26, "fields": {"name": "Can change adventure location", "content_type": 7, "codename": "change_adventurelocation"}}, {"model": "auth.permission", "pk": 27, "fields": {"name": "Can delete adventure location", "content_type": 7, "codename": "delete_adventurelocation"}}, {"model": "auth.permission", "pk": 28, "fields": {"name": "Can view adventure location", "content_type": 7, "codename": "view_adventurelocation"}}, {"model": "auth.permission", "pk": 29, "fields": {"name": "Can add adventure trip", "content_type": 8, "codename": "add_adventuretrip"}}, {"model": "auth.permission", "pk": 30, "fields": {"name": "Can change adventure trip", "content_type": 8, "codename": "change_adventuretrip"}}, {"model": "auth.permission", "pk": 31, "fields": {"name": "Can delete adventure trip", "content_type": 8, "codename": "delete_adventuretrip"}}, {"model": "auth.permission", "pk": 32, "fields": {"name": "Can view adventure trip", "content_type": 8, "codename": "view_adventuretrip"}}, {"model": "auth.permission", "pk": 33, "fields": {"name": "Can add review", "content_type": 9, "codename": "add_review"}}, {"model": "auth.permission", "pk": 34, "fields": {"name": "Can change review", "content_type": 9, "codename": "change_review"}}, {"model": "auth.permission", "pk": 35, "fields": {"name": "Can delete review", "content_type": 9, "codename": "delete_review"}}, {"model": "auth.permission", "pk": 36, "fields": {"name": "Can view review", "content_type": 9, "codename": "view_review"}}, {"model": "auth.permission", "pk": 37, "fields": {"name": "Can add details", "content_type": 10, "codename": "add_details"}}, {"model": "auth.permission", "pk": 38, "fields": {"name": "Can change details", "content_type": 10, "codename": "change_details"}}, {"model": "auth.permission", "pk": 39, "fields": {"name": "Can delete details", "content_type": 10, "codename": "delete_details"}}, {"model": "auth.permission", "pk": 40, "fields": {"name": "Can view details", "content_type": 10, "codename": "view_details"}}, {"model": "auth.permission", "pk": 41, "fields": {"name": "Can add action", "content_type": 11, "codename": "add_action"}}, {"model": "auth.permission", "pk": 42, "fields": {"name": "Can change action", "content_type": 11, "codename": "change_action"}}, {"model": "auth.permission", "pk": 43, "fields": {"name": "Can delete action", "content_type": 11, "codename": "delete_action"}}, {"model": "auth.permission", "pk": 44, "fields": {"name": "Can view action", "content_type": 11, "codename": "view_action"}}, {"model": "auth.user", "pk": 1, "fields": {"password": "jckubik", "last_login": null, "is_superuser": false, "username": "jckubik", "first_name": "Jacob", "last_name": "Kubik", "email": "jckubik@icloud.com", "is_staff": false, "is_active": true, "date_joined": "2021-11-05T19:56:08.671Z", "groups": [], "user_permissions": []}}, {"model": "auth.user", "pk": 2, "fields": {"password": "pbkdf2_sha256$260000$9JQho5E62mWNTDW4mFbTBy$P79LmxXfxD1LJC5ulaL4//RAxFwUY7MTTETN+Gw1kHE=", "last_login": null, "is_superuser": false, "username": "admin", "first_name": "John", "last_name": "Smith", "email": "jckubik@icloud.com", "is_staff": false, "is_active": true, "date_joined": "2021-11-05T20:32:46.319Z", "groups": [], "user_permissions": []}}, {"model": "auth.user", "pk": 3, "fields": {"password": "pbkdf2_sha256$260000$C7sbHPDAIl7SgVZRAXnenj$5wj88Ukep+xdAa/wi2CjjgEciPXq5rt7YICcjcrskEU=", "last_login": null, "is_superuser": false, "username": "jcena", "first_name": "John", "last_name": "Cena", "email": "jckubik@icloud.com", "is_staff": false, "is_active": true, "date_joined": "2021-11-15T15:53:58.007Z", "groups": [], "user_permissions": []}}, {"model": "auth.user", "pk": 4, "fields": {"password": "pbkdf2_sha256$260000$0z3MVudavYLfFlpDqSFm1G$m2HMTVNFCRrvjhaRsyvGgrHz3NiF40u1JVZ3HmlAU+E=", "last_login": null, "is_superuser": false, "username": "theRock", "first_name": "Dwayne", "last_name": "Johnson", "email": "jckubik@icloud.com", "is_staff": false, "is_active": true, "date_joined": "2021-11-15T15:56:38.220Z", "groups": [], "user_permissions": []}}, {"model": "auth.user", "pk": 5, "fields": {"password": "pbkdf2_sha256$260000$usg8kf60W5LUrbJdazPD76$jTXg9WlUfqLdWczO0fc4h1Tkn5S2PrlEKGcFMV3JKm0=", "last_login": null, "is_superuser": false, "username": "jsmith", "first_name": "John", "last_name": "Smith", "email": "jckubik@icloud.com", "is_staff": false, "is_active": true, "date_joined": "2021-11-17T18:59:59.037Z", "groups": [], "user_permissions": []}}, {"model": "auth.user", "pk": 6, "fields": {"password": "pbkdf2_sha256$260000$TICrKXuhFCsOytcdeqnkCa$QuVjzm2y69yeeUXho1GoZm9nbOX8AwXe4rbF+PEeJm4=", "last_login": null, "is_superuser": false, "username": "jdoe", "first_name": "John", "last_name": "Doe", "email": "jckubik@icloud.com", "is_staff": false, "is_active": true, "date_joined": "2021-11-17T19:46:49.406Z", "groups": [], "user_permissions": []}}, {"model": "auth.user", "pk": 7, "fields": {"password": "pbkdf2_sha256$260000$cr7qQoiSZk1bH5KM6oLNyb$m/LHxrmoA78kzEPJRb9GxTXkCyN2vKqp3nh9RqK1ZeM=", "last_login": null, "is_superuser": false, "username": "oscar1", "first_name": "Oscar", "last_name": "Myers", "email": "jckubik@icloud.com", "is_staff": false, "is_active": true, "date_joined": "2021-11-17T19:47:45.724Z", "groups": [], "user_permissions": []}}, {"model": "auth.user", "pk": 8, "fields": {"password": "pbkdf2_sha256$260000$QWoSntaOAtC1fYH6rupDvP$O6/JEyF3DRO0CE95IDlmNyDwu6nZYa1V4wGJV+tMPFI=", "last_login": null, "is_superuser": false, "username": "ryan", "first_name": "Ryan", "last_name": "Kubik", "email": "jckubik@icloud.com", "is_staff": false, "is_active": true, "date_joined": "2021-11-17T19:55:19.643Z", "groups": [], "user_permissions": []}}, {"model": "contenttypes.contenttype", "pk": 1, "fields": {"app_label": "admin", "model": "logentry"}}, {"model": "contenttypes.contenttype", "pk": 2, "fields": {"app_label": "auth", "model": "permission"}}, {"model": "contenttypes.contenttype", "pk": 3, "fields": {"app_label": "auth", "model": "group"}}, {"model": "contenttypes.contenttype", "pk": 4, "fields": {"app_label": "auth", "model": "user"}}, {"model": "contenttypes.contenttype", "pk": 5, "fields": {"app_label": "contenttypes", "model": "contenttype"}}, {"model": "contenttypes.contenttype", "pk": 6, "fields": {"app_label": "sessions", "model": "session"}}, {"model": "contenttypes.contenttype", "pk": 7, "fields": {"app_label": "adventures", "model": "adventurelocation"}}, {"model": "contenttypes.contenttype", "pk": 8, "fields": {"app_label": "adventures", "model": "adventuretrip"}}, {"model": "contenttypes.contenttype", "pk": 9, "fields": {"app_label": "adventures", "model": "review"}}, {"model": "contenttypes.contenttype", "pk": 10, "fields": {"app_label": "users", "model": "details"}}, {"model": "contenttypes.contenttype", "pk": 11, "fields": {"app_label": "actions", "model": "action"}}, {"model": "sessions.session", "pk": "2ooer0kgw47ybmlrbjs5lubijxnk3f0g", "fields": {"session_data": "eyJ1c2VybmFtZSI6ImFkbWluIiwicm9sZSI6ImFkbWluIn0:1msWGH:HRY6WKjrey9uEccFO-PisQuLTSaBQuDp89EEX_Rhqog", "expire_date": "2021-12-15T20:31:29.961Z"}}, {"model": "adventures.adventurelocation", "pk": 33, "fields": {"name": "Beliveau Farm Winery", "description": "Beliveau Farm Winery is pet-friendly. Dogs are not allowed inside the buildings but are welcome anywhere else throughout the 165 acre property, on a leash. Their wines are handcrafted, produced, and bottled on-site. The farm also has its own gluten-free brewery. You can enjoy a beer onsite or take a growler to go. The winery has plenty of hiking trails for walking, a lavender farm, stocked pond, and picnicking spots. Outside food is not allowed but the farm offers a menu of homemade pizzas, cheese and charcuterie plates and other picnic foods for purchase.", "author": "admin", "user": 2, "rating": 5.0, "num_reviews": 2, "img": "/static/media/beliveauWinery.jpeg", "alt": "Beliveau Farm Winery", "date": "2021-12-01T19:52:52.745Z", "summary": "Beliveau Farm Winery is pet-friendly. Dogs are not allowed inside the buildings but are welcome anywhere else throughout the 165 acre property, on a leash. The farm also has its own gluten-free brewery."}}, {"model": "adventures.adventurelocation", "pk": 34, "fields": {"name": "Blacksburg Dog Park", "description": "Blacksburg Dog Park is pet-friendly. Bring your pooch along to this fenced park to play off leash with local Blacksburg pups. The park features a covered structure for owners to enjoy on rainy and sunny days, benches, a dog house, shady trees and waste bags. Dog owners are reminded to clean up any mess left behind and to fill in any holes that keen diggers make while enjoying the park. Blacksburg Dog Park is open every day of the week from sunrise to sunset.", "author": "admin", "user": 2, "rating": 5.0, "num_reviews": 3, "img": "/static/media/blacksburgDogPark.jpeg", "alt": "The Blacksburg Dog Park", "date": "2021-12-01T20:03:38.750Z", "summary": "Blacksburg Dog Park is pet-friendly. The park features a covered structure for owners to enjoy on rainy and sunny days, benches, a dog house, shady trees and waste bags. Blacksburg Dog Park is open every day of the week from sunrise to sunset."}}, {"model": "adventures.adventurelocation", "pk": 35, "fields": {"name": "Huckleberry Trail", "description": "The Huckleberry Trail is one of 1600 rail-trails supported by Rails-to-Trails Conservancy, a nonprofit organization that is working to create a nationwide network of trails from former rail lines and connecting corridors. Previously an unused railroad corridor, this \"rail-trail\" is now a great place to walk Fido in Blacksburg! The map below shows a parking area with convenient access to the Huckleberry Trail.", "author": "admin", "user": 2, "rating": 5.0, "num_reviews": 0, "img": "/static/media/huckleberryTrail.jpeg", "alt": "The Huckleberry Trail", "date": "2021-12-01T20:04:39.225Z", "summary": "The Huckleberry Trail is one of 1600 rail-trails supported by Rails-to-Trails Conservancy, a nonprofit organization that is working to create a nationwide network of trails from former rail lines and connecting corridors. Previously an unused railroad corridor, this \"rail-trail\" is now a great place to walk Fido in Blacksburg! The map below shows a parking area with convenient access to the Huckleberry Trail."}}, {"model": "adventures.adventurelocation", "pk": 36, "fields": {"name": "Rising Silo Brewery", "description": "A farm brewery about one mile outside of town in Blacksburg, VA. The taproom is located within a barn, with sheltered and open-air seating. The brewery space is shared with several small businesses under one rood, including Glade Road Growing Farm and Tabula Rasa Farm Kitchen.", "author": "admin", "user": 2, "rating": 5.0, "num_reviews": 2, "img": "/static/media/risingSilo.jpeg", "alt": "The Risiing Silo Brewery", "date": "2021-12-01T20:05:25.417Z", "summary": "A farm brewery about one mile outside of town in Blacksburg, VA. The taproom is located within a barn, with sheltered and open-air seating. The brewery space is shared with several small businesses under one rood, including Glade Road Growing Farm and Tabula Rasa Farm Kitchen."}}, {"model": "adventures.review", "pk": 24, "fields": {"adventureLocation": 36, "author": "admin", "date": "2021-12-01T20:06:12.402Z", "review": "The beer here was very good. I'd recommend it.", "rating": 5.0}}, {"model": "adventures.review", "pk": 25, "fields": {"adventureLocation": 36, "author": "admin", "date": "2021-12-01T20:06:52.787Z", "review": "It was so nice to be able to take our dog to the brewery. You can't do that most places.", "rating": 4.0}}, {"model": "adventures.review", "pk": 26, "fields": {"adventureLocation": 33, "author": "admin", "date": "2021-12-01T20:09:02.262Z", "review": "We had so much fun with our poodle. I'd also recommend the sangria!", "rating": 1.0}}, {"model": "adventures.review", "pk": 28, "fields": {"adventureLocation": 34, "author": "admin", "date": "2021-12-01T20:12:56.768Z", "review": "My dog Ciarán loves the park. It's his favorite weekend activity", "rating": 5.0}}, {"model": "adventures.review", "pk": 29, "fields": {"adventureLocation": 34, "author": "admin", "date": "2021-12-01T20:13:16.501Z", "review": "My dog was attacked by another aggressive dog :(, don't take your pup!", "rating": 1.0}}, {"model": "adventures.adventuretrip", "pk": 6, "fields": {"adventureLocation": 36, "user": 2, "name": "Brews and Pups", "description": "The Rising Silo Brewery is a great place to hang out with your dog and enjoy a nice beer. Come join our group as we have a Brews and Pups party at the brewery.", "author": "admin", "date": "2021-12-01T20:08:20.212Z", "summary": "The Rising Silo Brewery is a great place to hang out with your dog and enjoy a nice beer. Come join our group as we have a Brews and Pups party at the brewery."}}, {"model": "adventures.adventuretrip", "pk": 7, "fields": {"adventureLocation": 33, "user": 2, "name": "Join us a Beliveau", "description": "Join us at Beliveau Winery. They have some amazing wines and best of all, you can bring your dog!", "author": "admin", "date": "2021-12-01T20:11:56.890Z", "summary": "Join us at Beliveau Winery. They have some amazing wines and best of all, you can bring your dog!"}}, {"model": "adventures.adventuretrip", "pk": 8, "fields": {"adventureLocation": 35, "user": 2, "name": "Hike the Trail", "description": "A New Year started right! Come hike the trail with your best pal. We start at 1pm.", "author": "admin", "date": "2021-12-01T20:14:24.856Z", "summary": "A New Year started right! Come hike the trail with your best pal."}}, {"model": "users.details", "pk": 2, "fields": {"user": 1, "role": "regular"}}, {"model": "users.details", "pk": 3, "fields": {"user": 2, "role": "admin"}}, {"model": "users.details", "pk": 4, "fields": {"user": 3, "role": "regular"}}, {"model": "users.details", "pk": 5, "fields": {"user": 4, "role": "ungregistered"}}, {"model": "users.details", "pk": 6, "fields": {"user": 5, "role": "regular"}}, {"model": "users.details", "pk": 7, "fields": {"user": 6, "role": null}}, {"model": "users.details", "pk": 8, "fields": {"user": 7, "role": "None"}}, {"model": "users.details", "pk": 9, "fields": {"user": 8, "role": "regular"}}, {"model": "actions.action", "pk": 1, "fields": {"user": 2, "verb": "created the adventure location", "target_ct": 7, "target_id": 22, "created": "2021-11-13T17:05:23.075Z"}}, {"model": "actions.action", "pk": 2, "fields": {"user": 2, "verb": "created the adventure location", "target_ct": 7, "target_id": 23, "created": "2021-11-16T00:17:48.221Z"}}, {"model": "actions.action", "pk": 3, "fields": {"user": 2, "verb": "created the adventure location", "target_ct": 7, "target_id": 24, "created": "2021-11-16T00:18:30.115Z"}}, {"model": "actions.action", "pk": 4, "fields": {"user": 2, "verb": "created the adventure location", "target_ct": 7, "target_id": 25, "created": "2021-11-16T00:18:50.713Z"}}, {"model": "actions.action", "pk": 5, "fields": {"user": 3, "verb": "created the adventure location", "target_ct": 7, "target_id": 26, "created": "2021-11-16T00:27:19.580Z"}}, {"model": "actions.action", "pk": 6, "fields": {"user": 2, "verb": "created the adventure location", "target_ct": 7, "target_id": 27, "created": "2021-11-16T00:31:31.024Z"}}, {"model": "actions.action", "pk": 7, "fields": {"user": 2, "verb": "deleted location:", "target_ct": 7, "target_id": null, "created": "2021-11-16T00:46:12.085Z"}}, {"model": "actions.action", "pk": 8, "fields": {"user": 2, "verb": "created the adventure location:", "target_ct": 7, "target_id": 28, "created": "2021-11-16T00:48:26.246Z"}}, {"model": "actions.action", "pk": 9, "fields": {"user": 2, "verb": "deleted location:", "target_ct": null, "target_id": null, "created": "2021-11-16T00:48:30.248Z"}}, {"model": "actions.action", "pk": 10, "fields": {"user": 2, "verb": "created the adventure location:", "target_ct": 7, "target_id": 29, "created": "2021-11-16T01:17:44.271Z"}}, {"model": "actions.action", "pk": 11, "fields": {"user": 2, "verb": "edited a location", "target_ct": null, "target_id": null, "created": "2021-11-16T01:17:50.457Z"}}, {"model": "actions.action", "pk": 12, "fields": {"user": 2, "verb": "edited a location", "target_ct": 7, "target_id": 29, "created": "2021-11-16T01:18:35.193Z"}}, {"model": "actions.action", "pk": 13, "fields": {"user": 2, "verb": "left a new review on:", "target_ct": 9, "target_id": 4, "created": "2021-11-16T01:21:25.242Z"}}, {"model": "actions.action", "pk": 14, "fields": {"user": 2, "verb": "left a new review on:", "target_ct": 7, "target_id": 29, "created": "2021-11-16T01:22:54.345Z"}}, {"model": "actions.action", "pk": 15, "fields": {"user": 3, "verb": "changed user role of:", "target_ct": 4, "target_id": 3, "created": "2021-11-16T01:26:09.971Z"}}, {"model": "actions.action", "pk": 16, "fields": {"user": 2, "verb": "changed user role of:", "target_ct": 4, "target_id": 3, "created": "2021-11-16T01:27:30.693Z"}}, {"model": "actions.action", "pk": 17, "fields": {"user": 2, "verb": "left a new review on:", "target_ct": 7, "target_id": 29, "created": "2021-11-16T16:31:48.465Z"}}, {"model": "actions.action", "pk": 18, "fields": {"user": 2, "verb": "left a new review on:", "target_ct": 7, "target_id": 29, "created": "2021-11-16T17:51:15.386Z"}}, {"model": "actions.action", "pk": 19, "fields": {"user": 2, "verb": "left a new review on:", "target_ct": 7, "target_id": 29, "created": "2021-11-16T18:08:09.830Z"}}, {"model": "actions.action", "pk": 20, "fields": {"user": 2, "verb": "left a new review on:", "target_ct": 7, "target_id": 29, "created": "2021-11-17T15:32:31.611Z"}}, {"model": "actions.action", "pk": 21, "fields": {"user": 2, "verb": "left a new review on:", "target_ct": 7, "target_id": 29, "created": "2021-11-17T15:32:41.115Z"}}, {"model": "actions.action", "pk": 22, "fields": {"user": 2, "verb": "left a new review on:", "target_ct": 7, "target_id": 29, "created": "2021-11-17T15:32:49.576Z"}}, {"model": "actions.action", "pk": 23, "fields": {"user": 2, "verb": "left a new review on:", "target_ct": 7, "target_id": 29, "created": "2021-11-17T15:33:16.363Z"}}, {"model": "actions.action", "pk": 24, "fields": {"user": 2, "verb": "left a new review on:", "target_ct": 7, "target_id": 29, "created": "2021-11-17T15:36:26.609Z"}}, {"model": "actions.action", "pk": 25, "fields": {"user": 2, "verb": "left a new review on:", "target_ct": 7, "target_id": 29, "created": "2021-11-17T15:36:33.799Z"}}, {"model": "actions.action", "pk": 26, "fields": {"user": 2, "verb": "left a new review on:", "target_ct": 7, "target_id": 29, "created": "2021-11-17T15:38:20.382Z"}}, {"model": "actions.action", "pk": 27, "fields": {"user": 2, "verb": "left a new review on:", "target_ct": 7, "target_id": 29, "created": "2021-11-17T15:41:30.591Z"}}, {"model": "actions.action", "pk": 28, "fields": {"user": 2, "verb": "left a new review on:", "target_ct": 7, "target_id": 29, "created": "2021-11-17T15:41:39.104Z"}}, {"model": "actions.action", "pk": 29, "fields": {"user": 2, "verb": "left a new review on:", "target_ct": 7, "target_id": 29, "created": "2021-11-17T15:44:21.791Z"}}, {"model": "actions.action", "pk": 30, "fields": {"user": 2, "verb": "left a new review on:", "target_ct": 7, "target_id": 29, "created": "2021-11-17T15:44:50.597Z"}}, {"model": "actions.action", "pk": 31, "fields": {"user": 2, "verb": "left a new review on:", "target_ct": 7, "target_id": 29, "created": "2021-11-17T15:45:35.137Z"}}, {"model": "actions.action", "pk": 32, "fields": {"user": 2, "verb": "left a new review on:", "target_ct": 7, "target_id": 29, "created": "2021-11-17T15:46:09.538Z"}}, {"model": "actions.action", "pk": 33, "fields": {"user": 5, "verb": "changed user role of:", "target_ct": 4, "target_id": 5, "created": "2021-11-17T19:00:11.450Z"}}, {"model": "actions.action", "pk": 34, "fields": {"user": 4, "verb": "changed user role of:", "target_ct": 4, "target_id": 4, "created": "2021-11-17T19:41:40.445Z"}}, {"model": "actions.action", "pk": 35, "fields": {"user": 5, "verb": "changed user role of:", "target_ct": 4, "target_id": 5, "created": "2021-11-17T19:42:20.574Z"}}, {"model": "actions.action", "pk": 36, "fields": {"user": 6, "verb": "changed user role of:", "target_ct": 4, "target_id": 6, "created": "2021-11-17T19:47:00.997Z"}}, {"model": "actions.action", "pk": 37, "fields": {"user": 7, "verb": "changed user role of:", "target_ct": 4, "target_id": 7, "created": "2021-11-17T19:48:06.399Z"}}, {"model": "actions.action", "pk": 38, "fields": {"user": 7, "verb": "changed user role of:", "target_ct": 4, "target_id": 7, "created": "2021-11-17T19:49:33.664Z"}}, {"model": "actions.action", "pk": 39, "fields": {"user": 7, "verb": "changed user role of:", "target_ct": 4, "target_id": 7, "created": "2021-11-17T19:51:05.598Z"}}, {"model": "actions.action", "pk": 40, "fields": {"user": 7, "verb": "changed user role of:", "target_ct": 4, "target_id": 7, "created": "2021-11-17T19:52:32.786Z"}}, {"model": "actions.action", "pk": 41, "fields": {"user": 2, "verb": "changed user role of:", "target_ct": 4, "target_id": 4, "created": "2021-11-17T19:55:01.008Z"}}, {"model": "actions.action", "pk": 42, "fields": {"user": 2, "verb": "deleted a location", "target_ct": null, "target_id": null, "created": "2021-11-17T20:20:15.727Z"}}, {"model": "actions.action", "pk": 43, "fields": {"user": 2, "verb": "created the adventure location:", "target_ct": 7, "target_id": 30, "created": "2021-12-01T16:22:08.813Z"}}, {"model": "actions.action", "pk": 44, "fields": {"user": 2, "verb": "created the adventure location:", "target_ct": 7, "target_id": 31, "created": "2021-12-01T16:32:22.565Z"}}, {"model": "actions.action", "pk": 45, "fields": {"user": 2, "verb": "created the adventure location:", "target_ct": 7, "target_id": 32, "created": "2021-12-01T16:33:53.193Z"}}, {"model": "actions.action", "pk": 46, "fields": {"user": 2, "verb": "created a new trip:", "target_ct": 8, "target_id": 5, "created": "2021-12-01T19:05:24.879Z"}}, {"model": "actions.action", "pk": 47, "fields": {"user": 2, "verb": "deleted a location", "target_ct": null, "target_id": null, "created": "2021-12-01T19:51:57.327Z"}}, {"model": "actions.action", "pk": 48, "fields": {"user": 2, "verb": "created the adventure location:", "target_ct": 7, "target_id": 33, "created": "2021-12-01T19:52:52.796Z"}}, {"model": "actions.action", "pk": 49, "fields": {"user": 2, "verb": "left a new review on:", "target_ct": 7, "target_id": 17, "created": "2021-12-01T20:00:01.289Z"}}, {"model": "actions.action", "pk": 50, "fields": {"user": 2, "verb": "left a new review on:", "target_ct": 7, "target_id": 33, "created": "2021-12-01T20:01:58.765Z"}}, {"model": "actions.action", "pk": 51, "fields": {"user": 2, "verb": "created the adventure location:", "target_ct": 7, "target_id": 34, "created": "2021-12-01T20:03:38.755Z"}}, {"model": "actions.action", "pk": 52, "fields": {"user": 2, "verb": "deleted a location", "target_ct": null, "target_id": null, "created": "2021-12-01T20:03:56.659Z"}}, {"model": "actions.action", "pk": 53, "fields": {"user": 2, "verb": "deleted a location", "target_ct": null, "target_id": null, "created": "2021-12-01T20:04:02.779Z"}}, {"model": "actions.action", "pk": 54, "fields": {"user": 2, "verb": "created the adventure location:", "target_ct": 7, "target_id": 35, "created": "2021-12-01T20:04:39.230Z"}}, {"model": "actions.action", "pk": 55, "fields": {"user": 2, "verb": "created the adventure location:", "target_ct": 7, "target_id": 36, "created": "2021-12-01T20:05:25.422Z"}}, {"model": "actions.action", "pk": 56, "fields": {"user": 2, "verb": "deleted a location", "target_ct": null, "target_id": null, "created": "2021-12-01T20:05:34.650Z"}}, {"model": "actions.action", "pk": 57, "fields": {"user": 2, "verb": "deleted a location", "target_ct": null, "target_id": null, "created": "2021-12-01T20:05:41.847Z"}}, {"model": "actions.action", "pk": 58, "fields": {"user": 2, "verb": "left a new review on:", "target_ct": 7, "target_id": 36, "created": "2021-12-01T20:06:12.408Z"}}, {"model": "actions.action", "pk": 59, "fields": {"user": 2, "verb": "left a new review on:", "target_ct": 7, "target_id": 36, "created": "2021-12-01T20:06:52.793Z"}}, {"model": "actions.action", "pk": 60, "fields": {"user": 2, "verb": "created a new trip:", "target_ct": 8, "target_id": 6, "created": "2021-12-01T20:08:20.218Z"}}, {"model": "actions.action", "pk": 61, "fields": {"user": 2, "verb": "left a new review on:", "target_ct": 7, "target_id": 33, "created": "2021-12-01T20:09:02.269Z"}}, {"model": "actions.action", "pk": 62, "fields": {"user": 2, "verb": "created a new trip:", "target_ct": 8, "target_id": 7, "created": "2021-12-01T20:11:56.895Z"}}, {"model": "actions.action", "pk": 63, "fields": {"user": 2, "verb": "left a new review on:", "target_ct": 7, "target_id": 34, "created": "2021-12-01T20:12:36.055Z"}}, {"model": "actions.action", "pk": 64, "fields": {"user": 2, "verb": "left a new review on:", "target_ct": 7, "target_id": 34, "created": "2021-12-01T20:12:56.775Z"}}, {"model": "actions.action", "pk": 65, "fields": {"user": 2, "verb": "left a new review on:", "target_ct": 7, "target_id": 34, "created": "2021-12-01T20:13:16.508Z"}}, {"model": "actions.action", "pk": 66, "fields": {"user": 2, "verb": "created a new trip:", "target_ct": 8, "target_id": 8, "created": "2021-12-01T20:14:24.861Z"}}, {"model": "actions.action", "pk": 67, "fields": {"user": 2, "verb": "deleted a location", "target_ct": null, "target_id": null, "created": "2021-12-01T20:21:36.768Z"}}, {"model": "actions.action", "pk": 68, "fields": {"user": 2, "verb": "deleted a location", "target_ct": null, "target_id": null, "created": "2021-12-01T20:22:03.856Z"}}]